"ID","Title","Section","Priority","Business_Rule","Edge_Case_Refs","Preconditions","Test_Data","Steps","Assertions","Cross_Layer_Checks","Failure_Signals","Cleanup","References","Automation_Status"
"FWL-001","Enable thumbnail job for favicons","Backend Jobs","Medium","BL-WL-001","","White Labeling module installed; Admin access to backend","admin={{BACK_URL}}, admin_user={{ADMIN_EMAIL}}, admin_password={{ADMIN_PASSWORD}}","[NAV] 1. Navigate to Admin at {{BACK_URL}}
[ACT] 2. Sign in with admin credentials
[NAV] 3. Navigate to Settings > Jobs
[ACT] 4. Locate thumbnail generation job
[ACT] 5. Enable the job
[ACT] 6. Add new run for favicon generation
[WAIT] 7. Wait for job completion
[NAV] 8. Navigate to White Labeling settings
[ASSERT] 9. Verify favicons generated in multiple sizes","[DOM] Thumbnail job status shows Enabled
[DOM] whiteLabelingSettings.favicons array contains entries for 16x16, 32x32, 180x180, 192x192, 512x512
[STATE] Job run completes without errors","[ADMIN] job run status shows Success
[CONSOLE] no uncaught JS errors","Favicons not generated; Thumbnail job fails to run; Sizes missing from favicons array","restore original job state","C389425","Manual"
"FWL-002","Store and organization have no whitelabeling settings - default branding displayed","Store Settings","High","BL-WL-002","","Store exists with White Labeling enabled but no custom settings; Organization exists with no branding configured","admin={{BACK_URL}}, storefront={{FRONT_URL}}, admin_user={{ADMIN_EMAIL}}, admin_password={{ADMIN_PASSWORD}}, org_user={{ORG_USER_EMAIL}}, org_password={{ORG_USER_PASSWORD}}","[NAV] 1. Navigate to Admin > Stores > @td(STORE_PRIMARY.id)
[ACT] 2. Open White Labeling settings tab
[ASSERT] 3. Verify Enabled = ON but no custom logo/favicon/theme set (all empty)
[NAV] 4. Navigate to Customer > Organizations > Test Org
[ACT] 5. Open White Labeling settings
[ASSERT] 6. Verify no custom branding configured (all empty)
[NAV] 7. Sign in to storefront with user from Test Org
[NAV] 8. Navigate to homepage at {{FRONT_URL}}
[ASSERT] 9. Inspect header logo
[ASSERT] 10. Inspect browser tab favicon
[ASSERT] 11. Inspect page theme colors","[DOM] Default platform logo displayed in header
[DOM] Default favicon visible in browser tab (Virto Commerce icon)
[STATE] Default theme preset colors applied
[DOM] No organization-specific branding visible","[CONSOLE] no uncaught JS errors
[NETWORK] logo image loads with HTTP 200","Custom logo shown instead of default; Custom favicon shown; Theme overridden unexpectedly","none","C390295","Manual"
"FWL-003","Store has whitelabeling settings but organization does not - store defaults shown","Store Settings","High","BL-WL-002","","Store has White Labeling enabled with custom logo/favicon/theme; Organization has White Labeling enabled but no custom settings","admin={{BACK_URL}}, storefront={{FRONT_URL}}, admin_user={{ADMIN_EMAIL}}, admin_password={{ADMIN_PASSWORD}}, org_user={{ORG_USER_EMAIL}}, org_password={{ORG_USER_PASSWORD}}","[NAV] 1. Navigate to Admin > Stores > @td(STORE_PRIMARY.id)
[ACT] 2. Open White Labeling settings
[ACT] 3. Upload store-level logo: store-logo.png
[ACT] 4. Upload store-level favicon: store-favicon.ico
[ACT] 5. Set theme preset: Coffee
[ACT] 6. Save store settings
[NAV] 7. Navigate to Customer > Organizations > Org Without Branding
[ACT] 8. Open White Labeling settings
[ASSERT] 9. Verify Enabled = ON but no custom logo/favicon/theme
[ACT] 10. Save organization settings
[NAV] 11. Sign in to storefront with user from Org Without Branding
[NAV] 12. Navigate to homepage
[ASSERT] 13. Inspect header logo (should show store logo)
[ASSERT] 14. Inspect favicon (should show store favicon)
[ASSERT] 15. Inspect theme colors (should be Coffee preset)","[DOM] Store logo displayed in header (store-logo.png)
[DOM] Store favicon displayed in browser tab
[STATE] Coffee theme colors applied
[DOM] No org-specific branding overrides present","[CONSOLE] no uncaught JS errors
[NETWORK] logo image loads with HTTP 200","Org overrides shown when org has no branding; Default branding shown instead of store branding; Wrong theme applied","restore store to previous settings; restore org settings","C390296 VCST-1634","Manual"
"FWL-009","Store-level White Labeling = OFF - organization branding disabled regardless of org settings","Store Settings","High","BL-WL-002","","Store @td(STORE_PRIMARY.id) has White Labeling setting; Organization Company1 has custom branding configured with Enabled = ON","admin={{BACK_URL}}, storefront={{FRONT_URL}}, admin_user={{ADMIN_EMAIL}}, admin_password={{ADMIN_PASSWORD}}, org_user={{ORG_USER_EMAIL}}, org_password={{ORG_USER_PASSWORD}}","[NAV] 1. Navigate to Admin > Stores > @td(STORE_PRIMARY.id)
[ACT] 2. Open White Labeling settings
[ACT] 3. Set store-level White Labeling = OFF
[ACT] 4. Save store settings
[NAV] 5. Navigate to Customer > Organizations > Company1
[ASSERT] 6. Verify Company1 has Enabled = ON with custom logo/favicon
[NAV] 7. Sign in to storefront with Company1 user
[NAV] 8. Navigate to homepage
[ASSERT] 9. Inspect header logo
[ASSERT] 10. Inspect favicon
[ASSERT] 11. Inspect theme","[DOM] Default platform branding displayed (NOT Company1 custom branding)
[STATE] Organization settings ignored when store-level WL is OFF
[DOM] Default logo and favicon shown","[CONSOLE] no uncaught JS errors","Org branding shown when store WL is OFF; Store WL OFF not acting as master switch","restore store White Labeling = ON","C389429","Manual"
"FWL-011","Add parent footer links for organization - displayed in storefront footer","Footer Links","High","BL-WL-001","","Organization Organization1 exists; White Labeling enabled; Link list feature available","admin={{BACK_URL}}, storefront={{FRONT_URL}}, admin_user={{ADMIN_EMAIL}}, admin_password={{ADMIN_PASSWORD}}, org_user={{ORG_USER_EMAIL}}, org_password={{ORG_USER_PASSWORD}}","[NAV] 1. Navigate to Admin > Marketing > Link Lists
[ACT] 2. Create new link list: footer-org1
[ACT] 3. Add parent links: About Us (URL: /about, Priority: 1), Customer Support (URL: /support, Priority: 2), Legal (URL: /legal, Priority: 3)
[ACT] 4. Save link list
[NAV] 5. Navigate to Customer > Organizations > Organization1
[ACT] 6. Open White Labeling settings
[ACT] 7. Set Footer Link List: footer-org1
[ACT] 8. Save organization settings
[NAV] 9. Sign in to storefront with Organization1 user
[SCROLL] 10. Scroll to footer
[ASSERT] 11. Inspect footer links structure","[DOM] Three parent sections visible: About Us, Customer Support, Legal
[DOM] Links displayed in priority order (1, 2, 3)
[DOM] Link titles match configured values
[NAV] Link URLs correct: /about, /support, /legal","[CONSOLE] no uncaught JS errors
[NETWORK] footer link list data loaded successfully","Wrong footer links shown; Priority order not respected; Footer links absent entirely","remove footer-org1 link list from org; delete link list","C389431","Manual"
"FWL-012","Add children footer links under parent - hierarchical structure displayed","Footer Links","High","BL-WL-001","","Organization Organization1 has parent footer links configured (FWL-011 prerequisite)","admin={{BACK_URL}}, storefront={{FRONT_URL}}, admin_user={{ADMIN_EMAIL}}, admin_password={{ADMIN_PASSWORD}}, org_user={{ORG_USER_EMAIL}}, org_password={{ORG_USER_PASSWORD}}","[NAV] 1. Navigate to Admin > Marketing > Link Lists > footer-org1
[ACT] 2. Expand parent link: Customer Support
[ACT] 3. Add child links: Contact Us (URL: /contact, Priority: 1), FAQ (URL: /faq, Priority: 2), Returns (URL: /returns, Priority: 3)
[ACT] 4. Save link list
[NAV] 5. Refresh storefront (signed in as Organization1 user)
[SCROLL] 6. Scroll to footer
[ASSERT] 7. Inspect Customer Support section
[ASSERT] 8. Verify child links nested under parent","[DOM] Customer Support parent link visible
[DOM] Three child links nested under Customer Support: Contact Us, FAQ, Returns
[DOM] Child links indented or visually grouped under parent
[DOM] Priority order respected (Contact Us first, Returns last)
[NAV] Child link URLs correct when clicked","[CONSOLE] no uncaught JS errors
[NETWORK] hierarchical link list data loads correctly","Child links not visible; Children shown under wrong parent; Priority order wrong; Other parent sections (About Us, Legal) broken","remove child links added in test; revert to parent-only structure","C389432","Manual"
"FWL-013","Verify footer links returned in whiteLabelingSettings GraphQL query","GraphQL Integration","Critical","BL-WL-001, BL-WL-002","ECL-14.1","Organization with footer links configured; GraphQL endpoint accessible at {{BACK_URL}}/graphql","admin={{BACK_URL}}, admin_user={{ADMIN_EMAIL}}, admin_password={{ADMIN_PASSWORD}}","[NAV] 1. Navigate to GraphQL playground: {{BACK_URL}}/graphql
[ACT] 2. Execute whiteLabelingSettings query with footerLinks field:
query {
  whiteLabelingSettings(
    organizationId: ""<org-id>""
    storeId: ""@td(STORE_PRIMARY.id)""
  ) {
    footerLinks {
      title
      url
      priority
      childItems {
        title
        url
        priority
      }
    }
  }
}
[ASSERT] 3. Verify response structure
[ASSERT] 4. Verify data matches admin configuration","[DOM] Response includes footerLinks array
[DOM] Parent links returned with title, url, priority fields
[DOM] Child links nested under childItems array
[DOM] Hierarchy preserved in response
[DOM] Data matches link list configured in admin","[API] whiteLabelingSettings query returns correct footerLinks fields
[API] errors[] is empty in GraphQL response","GraphQL errors in response; footerLinks field missing or null; childItems not returned; Data mismatch with admin config","none","C389433 VCST-4637","Manual"
"FWL-014","Set footer link list for organization - footer links displayed after sign-in","Footer Links","High","BL-WL-001","","Organization Company1 exists; Footer link list configured: footer-company1","admin={{BACK_URL}}, storefront={{FRONT_URL}}, admin_user={{ADMIN_EMAIL}}, admin_password={{ADMIN_PASSWORD}}, org_user={{ORG_USER_EMAIL}}, org_password={{ORG_USER_PASSWORD}}","[NAV] 1. Navigate to Admin > Customer > Organizations > Company1
[ACT] 2. Open White Labeling settings
[ACT] 3. Set Footer Link List Name: footer-company1
[ACT] 4. Save settings
[NAV] 5. Sign in to storefront with Company1 user
[NAV] 6. Navigate to homepage
[SCROLL] 7. Scroll to footer
[ASSERT] 8. Inspect footer links","[DOM] Footer shows links from footer-company1 link list
[DOM] Links are organization-specific (not default footer)
[DOM] Hierarchical structure displayed correctly
[NAV] Links navigate to correct URLs when clicked
[STATE] Footer links persist across page navigation","[CONSOLE] no uncaught JS errors
[NETWORK] footer link data loads successfully","Default footer shown instead of org footer; Links from wrong org shown; Hierarchy broken","restore org FooterLinkListName to original","C389434","Manual"
"FWL-015","Verify administrator role has access to White Labeling logo management","User Roles","High","BL-WL-001","","Administrator user account exists; White Labeling module installed","admin={{BACK_URL}}, admin_user={{ADMIN_EMAIL}}, admin_password={{ADMIN_PASSWORD}}","[NAV] 1. Sign in to Admin at {{BACK_URL}} with administrator credentials
[NAV] 2. Navigate to Customer > Organizations > Any Organization
[ACT] 3. Open White Labeling tab
[ASSERT] 4. Verify UI controls visible
[ACT] 5. Attempt to upload logo file
[ACT] 6. Attempt to upload favicon file
[ACT] 7. Attempt to change theme preset
[ACT] 8. Save settings","[DOM] White Labeling tab visible in organization settings
[DOM] Upload controls visible for logo, secondaryLogo, favicon
[STATE] Theme preset dropdown accessible and functional
[DOM] Footer/Main Menu link list dropdowns visible
[STATE] Save button enabled
[STATE] Settings save successfully without permission errors","[ADMIN] settings saved successfully
[CONSOLE] no permission-related JS errors","White Labeling tab hidden; Upload controls disabled; Permission errors on save","restore any changed settings","C398718 VCST-2627","Manual"
"FWL-016","Verify organization logo displayed in header after sign-in","Storefront Display","Critical","BL-WL-001","","Organization Branded Org has custom logo configured: branded-org-logo.png; User account exists for Branded Org","storefront={{FRONT_URL}}, org_user={{ORG_USER_EMAIL}}, org_password={{ORG_USER_PASSWORD}}","[NAV] 1. Navigate to {{FRONT_URL}}
[ASSERT] 2. Verify default logo shown before sign-in
[ACT] 3. Click Sign In
[ACT] 4. Enter credentials for Branded Org user
[ACT] 5. Click Sign In button
[WAIT] 6. Wait for redirect to homepage
[ASSERT] 7. Inspect header navigation bar
[ASSERT] 8. Verify logo element","[DOM] Header shows branded-org-logo.png (NOT default logo)
[DOM] Logo is clear and high quality (not pixelated)
[DOM] Logo is properly sized (height matches header, no distortion)
[NAV] Logo is clickable and links to homepage
[STATE] Logo displays on all pages after sign-in (catalog, product, cart, account)","[CONSOLE] no uncaught JS errors
[NETWORK] branded-org-logo.png loads with HTTP 200","Default logo still shown after sign-in; Broken image in header; Logo links to wrong URL","none","VCST-4637","Manual"
"FWL-017","Verify organization favicon displayed in browser tab after sign-in","Storefront Display","Critical","BL-WL-001","","Organization Branded Org has custom favicon configured: branded-org-favicon.ico","storefront={{FRONT_URL}}, org_user={{ORG_USER_EMAIL}}, org_password={{ORG_USER_PASSWORD}}","[NAV] 1. Open new browser tab
[NAV] 2. Navigate to {{FRONT_URL}}
[ASSERT] 3. Verify browser tab shows default Virto Commerce favicon before sign-in
[ACT] 4. Sign in with Branded Org user
[WAIT] 5. Wait for redirect after sign-in
[ASSERT] 6. Inspect browser tab icon (favicon)
[NAV] 7. Navigate to different pages (catalog, product page)
[ASSERT] 8. Verify favicon persists","[DOM] Tab shows branded-org-favicon.ico (NOT default favicon)
[DOM] Favicon displays correctly (32x32 icon visible)
[STATE] Favicon persists across all pages after sign-in
[STATE] Favicon remains when opening new tabs within same session","[CONSOLE] no uncaught JS errors
[NETWORK] favicon request returns HTTP 200","Default favicon still shown after sign-in; Favicon reverts on navigation","none","VCST-4637","Manual"
"FWL-018","Verify organization secondary logo displayed (if configured)","Storefront Display","Medium","BL-WL-001","","Organization has secondary logo configured; White Labeling supports secondaryLogoUrl field","storefront={{FRONT_URL}}, org_user={{ORG_USER_EMAIL}}, org_password={{ORG_USER_PASSWORD}}, admin={{BACK_URL}}","[NAV] 1. Navigate to Admin > Organizations > Org With Secondary Logo
[ACT] 2. Open White Labeling settings
[ASSERT] 3. Verify Secondary Logo URL is configured
[ACT] 4. Save if needed
[NAV] 5. Sign in to storefront with user from this org
[NAV] 6. Navigate to pages that display secondary logo (footer or specific components)
[ASSERT] 7. Inspect secondary logo element","[DOM] Secondary logo image loads correctly
[DOM] Image URL matches secondaryLogoUrl from settings
[DOM] Logo displays in appropriate location (footer, mobile menu, or designated area)
[STATE] Falls back gracefully if not configured (no broken image)","[CONSOLE] no uncaught JS errors
[NETWORK] secondary logo image loads with HTTP 200","Broken image where secondary logo should appear; Primary logo shown in secondary logo position","none","VCST-4637","Manual"
"FWL-021","Verify main menu links displayed in header after sign-in (NEW - VCST-4637)","Main Menu Links","Critical","BL-WL-001","","Organization has main menu link list configured: org-main-menu with 4 parent links and 3 with children; User account exists","admin={{BACK_URL}}, storefront={{FRONT_URL}}, admin_user={{ADMIN_EMAIL}}, admin_password={{ADMIN_PASSWORD}}, org_user={{ORG_USER_EMAIL}}, org_password={{ORG_USER_PASSWORD}}","[NAV] 1. Navigate to Admin > Marketing > Link Lists > org-main-menu
[ASSERT] 2. Verify structure: Products (priority 1) with children Laptops (1.1) Phones (1.2) Tablets (1.3); Services (priority 2); About (priority 3) with children Company (3.1) Careers (3.2); Contact (priority 4)
[NAV] 3. Navigate to Admin > Organizations > Org With Main Menu
[ACT] 4. Set Main Menu Link List Name: org-main-menu
[ACT] 5. Save
[NAV] 6. Sign in to storefront with user from this org
[ASSERT] 7. Inspect header navigation
[ASSERT] 8. Verify main menu structure","[DOM] Four parent links visible in header: Products, Services, About, Contact
[DOM] Links displayed in priority order (1 to 4)
[DOM] Hovering Products shows dropdown: Laptops, Phones, Tablets
[DOM] Hovering About shows dropdown: Company, Careers
[STATE] Services and Contact have no dropdowns
[DOM] Main menu matches configured link list","[CONSOLE] no uncaught JS errors
[API] whiteLabelingSettings query returns correct mainMenuLinks","Main menu not visible in header; Wrong links shown; Dropdown not appearing on hover; Priority order wrong","restore org MainMenuLinkListName to original","VCST-4637","Manual"
"FWL-022","Verify main menu links hierarchical dropdown behavior (parent + children)","Main Menu Links","High","BL-WL-001","","Organization with hierarchical main menu configured (FWL-021 prerequisite)","storefront={{FRONT_URL}}, org_user={{ORG_USER_EMAIL}}, org_password={{ORG_USER_PASSWORD}}","[NAV] 1. Sign in to storefront with user from Org With Main Menu
[NAV] 2. Navigate to homepage
[ACT] 3. Hover over Products parent link in header
[ASSERT] 4. Observe dropdown menu
[ASSERT] 5. Verify child links visible: Laptops, Phones, Tablets
[ACT] 6. Hover over each child link (verify hover state)
[ACT] 7. Click Laptops child link
[ASSERT] 8. Verify navigation
[NAV] 9. Return to homepage
[ACT] 10. Hover over About parent link
[ASSERT] 11. Verify dropdown with Company, Careers","[DOM] Hovering parent link shows dropdown with children
[STATE] Dropdown displays smoothly (no flicker)
[DOM] Child links displayed in priority order
[STATE] Hovering child link shows hover state (color change or underline)
[NAV] Clicking child link navigates to correct URL
[STATE] Dropdown closes when mouse leaves
[STATE] Parent links without children have no dropdown","[CONSOLE] no uncaught JS errors","Dropdown not opening on hover; Wrong children shown; Navigation to wrong URL; Dropdown flickers; Hover state missing","none","VCST-4637","Manual"
"FWL-023","Verify main menu links on mobile - hamburger menu with hierarchy","Main Menu Links","Critical","BL-WL-001","ECL-13.2","Organization with main menu configured; Mobile device or responsive viewport (375px width)","storefront={{FRONT_URL}}, org_user={{ORG_USER_EMAIL}}, org_password={{ORG_USER_PASSWORD}}","[ACT] 1. Resize browser to mobile viewport: 375px width (iPhone size)
[NAV] 2. Sign in to storefront with user from Org With Main Menu
[NAV] 3. Navigate to homepage
[ASSERT] 4. Locate hamburger menu icon in mobile header
[ACT] 5. Tap hamburger icon
[ASSERT] 6. Inspect mobile menu drawer
[ASSERT] 7. Verify main menu structure in mobile view
[ACT] 8. Tap Products parent item
[ASSERT] 9. Verify child links expand/collapse
[ACT] 10. Tap Laptops child link
[ASSERT] 11. Verify navigation","[DOM] Hamburger menu icon visible in mobile header
[STATE] Tapping hamburger opens mobile menu drawer
[DOM] Main menu links listed: Products, Services, About, Contact
[DOM] Products has expand/collapse icon
[STATE] Tapping Products expands to show Laptops, Phones, Tablets
[DOM] Child links are indented or visually nested
[NAV] Tapping child link navigates correctly
[STATE] Menu drawer closes after navigation","[CONSOLE] no uncaught JS errors","Hamburger icon missing; Drawer not opening; Children not expanding; Navigation broken on mobile; Menu not closing after tap","none","VCST-4637","Manual"
"FWL-024","Verify main menu links navigation works correctly","Main Menu Links","High","BL-WL-001","","Organization with main menu configured; Main menu links pointing to valid URLs","storefront={{FRONT_URL}}, org_user={{ORG_USER_EMAIL}}, org_password={{ORG_USER_PASSWORD}}","[NAV] 1. Sign in to storefront with user from Org With Main Menu
[NAV] 2. Navigate to homepage
[ACT] 3. Hover over Products in main menu
[ACT] 4. Click Laptops child link
[ASSERT] 5. Verify URL changes to configured URL (e.g. /category/laptops)
[ASSERT] 6. Verify page loads correctly
[NAV] 7. Return to homepage
[ACT] 8. Click Services parent link (no children)
[ASSERT] 9. Verify navigation
[ACT] 10. Test all main menu links (parent and child)","[NAV] Clicking child link changes URL to correct path
[DOM] Page loads successfully (no 404 errors)
[NAV] Clicking parent link without children navigates directly
[NAV] Back button returns to previous page correctly
[STATE] Navigation is fast and responsive","[CONSOLE] no JS errors during navigation","404 errors on navigation; Wrong URL after click; Page not loading; JavaScript errors on navigation","none","VCST-4637","Manual"
"FWL-025","Verify fallback when no main menu link list configured for organization","Main Menu Links","Medium","BL-WL-004","","Organization exists with White Labeling enabled but MainMenuLinkListName = NULL or empty; User account exists","admin={{BACK_URL}}, storefront={{FRONT_URL}}, admin_user={{ADMIN_EMAIL}}, admin_password={{ADMIN_PASSWORD}}, org_user={{ORG_USER_EMAIL}}, org_password={{ORG_USER_PASSWORD}}","[NAV] 1. Navigate to Admin > Organizations > Org Without Main Menu
[ACT] 2. Open White Labeling settings
[ASSERT] 3. Verify Main Menu Link List Name is empty or NULL
[ACT] 4. Save
[NAV] 5. Sign in to storefront with user from this org
[NAV] 6. Navigate to homepage
[ASSERT] 7. Inspect header navigation area
[ASSERT] 8. Verify main menu display","[STATE] Application does NOT crash or show errors
[DOM] Header layout is not broken
[STATE] Other navigation elements (search, cart, account) work correctly
[STATE] User can navigate site via search, footer, catalog pages","[CONSOLE] no uncaught JS errors","Application crash on missing main menu config; Header layout broken; Console errors about missing link list","none","VCST-4637","Manual"
"FWL-026","Verify main menu links returned in whiteLabelingSettings GraphQL query (VCST-4637)","GraphQL Integration","Critical","BL-WL-001, BL-WL-002","ECL-14.1","Organization with main menu configured; GraphQL endpoint accessible","admin={{BACK_URL}}, admin_user={{ADMIN_EMAIL}}, admin_password={{ADMIN_PASSWORD}}","[NAV] 1. Navigate to GraphQL playground: {{BACK_URL}}/graphql
[ACT] 2. Execute whiteLabelingSettings query with mainMenuLinks field:
query {
  whiteLabelingSettings(
    organizationId: ""<org-id>""
    storeId: ""@td(STORE_PRIMARY.id)""
  ) {
    mainMenuLinks {
      title
      url
      priority
      childItems {
        title
        url
        priority
      }
    }
  }
}
[ASSERT] 3. Verify response structure
[ASSERT] 4. Verify data matches admin configuration
[ASSERT] 5. Verify priority ordering","[DOM] Response includes mainMenuLinks array
[DOM] Parent links returned with title, url, priority fields
[DOM] Child links nested under childItems array
[DOM] Priority ordering is correct (1 2 3 4)
[DOM] Hierarchy preserved in response
[DOM] Data matches link list configured in admin","[API] whiteLabelingSettings query returns correct mainMenuLinks fields
[API] errors[] is empty in GraphQL response","GraphQL errors in response; mainMenuLinks field missing; childItems not returned; Priority order wrong; Data mismatch with admin config","none","VCST-4637","Manual"
"FWL-027","Verify pageContext query includes whiteLabelingSettings with mainMenuLinks","PageContext Integration","Critical","BL-WL-001, BL-WL-002","ECL-14.1","Organization with full branding configured (logo, favicon, theme, footer, mainMenu); pageContext query available in xFrontend","admin={{BACK_URL}}, admin_user={{ADMIN_EMAIL}}, admin_password={{ADMIN_PASSWORD}}","[NAV] 1. Navigate to GraphQL playground
[ACT] 2. Execute pageContext query:
query {
  pageContext(
    storeId: ""@td(STORE_PRIMARY.id)""
    organizationId: ""<org-id>""
    cultureName: ""en-US""
  ) {
    slugInfo { ... }
    store { ... }
    whiteLabelingSettings {
      logoUrl
      faviconUrl
      themePresetName
      footerLinks { title url childItems { title url } }
      mainMenuLinks { title url priority childItems { title url priority } }
    }
    user { ... }
  }
}
[ASSERT] 3. Verify whiteLabelingSettings embedded in pageContext
[ASSERT] 4. Verify mainMenuLinks field present","[DOM] Single pageContext query returns slugInfo, store, whiteLabelingSettings, user sub-objects
[DOM] whiteLabelingSettings includes logoUrl, faviconUrl, themePresetName, footerLinks, mainMenuLinks
[DOM] mainMenuLinks array returned with full hierarchy
[DOM] Data consistent with separate whiteLabelingSettings query
[FORMAT] Response time approximately 200-400ms","[API] pageContext query returns whiteLabelingSettings with mainMenuLinks
[API] errors[] is empty in GraphQL response","GraphQL errors; whiteLabelingSettings missing from pageContext; mainMenuLinks not embedded; Response time > 1000ms","none","VCST-4637","Manual"
"FWL-033","Verify logo renders correctly on mobile viewport (375px - iPhone)","Responsive Mobile","High","BL-WL-001","ECL-13.2","Organization with custom logo configured; Mobile device or browser with responsive mode","storefront={{FRONT_URL}}, org_user={{ORG_USER_EMAIL}}, org_password={{ORG_USER_PASSWORD}}","[NAV] 1. Sign in to storefront with branded organization user
[ACT] 2. Open browser DevTools
[ACT] 3. Toggle device toolbar (responsive mode)
[ACT] 4. Set viewport: 375px width x 667px height (iPhone 8 size)
[NAV] 5. Navigate to homepage
[ASSERT] 6. Inspect header logo
[ASSERT] 7. Verify logo size and positioning
[NAV] 8. Test across multiple mobile pages (catalog, product, cart)","[DOM] Logo is visible in mobile header
[DOM] Logo is appropriately sized for mobile (not too large, not too small)
[DOM] Logo is not cut off or cropped
[DOM] Logo is clear and legible (not pixelated)
[STATE] Logo is positioned correctly in mobile header layout
[STATE] Logo remains clickable (tappable) and links to homepage
[DOM] Logo does not overlap other mobile header elements","[CONSOLE] no uncaught JS errors","Logo missing on mobile; Logo overlapping hamburger menu; Logo pixelated on mobile; Logo not tappable","none","Mobile Responsive","Manual"
"FWL-034","Verify main menu links accessible via hamburger menu on mobile","Responsive Mobile","Critical","BL-WL-001","ECL-13.2","Organization with main menu configured; Mobile viewport 375px width","storefront={{FRONT_URL}}, org_user={{ORG_USER_EMAIL}}, org_password={{ORG_USER_PASSWORD}}","[ACT] 1. Resize browser to mobile viewport: 375px width
[NAV] 2. Sign in with branded org user
[NAV] 3. Navigate to homepage
[ASSERT] 4. Locate hamburger menu icon in top-left or top-right of mobile header
[ACT] 5. Tap hamburger icon
[ASSERT] 6. Verify mobile menu drawer opens
[ASSERT] 7. Verify main menu links visible in drawer
[ASSERT] 8. Verify hierarchical structure (parent/child links)
[ACT] 9. Tap a parent link with children
[ASSERT] 10. Verify children expand
[ACT] 11. Tap a child link
[ASSERT] 12. Verify navigation","[DOM] Hamburger icon visible and tappable in mobile header
[STATE] Tapping hamburger opens mobile menu drawer
[DOM] Main menu links listed in drawer with clear labels
[DOM] Parent links with children have expand/collapse icon
[STATE] Tapping parent expands to reveal children
[DOM] Child links are indented or visually nested
[NAV] Tapping child link navigates to correct page
[STATE] Menu drawer closes after navigation","[CONSOLE] no uncaught JS errors","Hamburger icon missing; Drawer not opening; Children not expanding on tap; Menu not closing after navigation; Tap targets too small","none","Mobile Responsive","Manual"
"FWL-035","Verify footer links display correctly on mobile viewport","Responsive Mobile","Medium","BL-WL-001","ECL-13.2","Organization with footer links configured; Mobile viewport","storefront={{FRONT_URL}}, org_user={{ORG_USER_EMAIL}}, org_password={{ORG_USER_PASSWORD}}","[ACT] 1. Resize to mobile: 375px width
[NAV] 2. Sign in with branded org user
[SCROLL] 3. Scroll to bottom of page
[ASSERT] 4. Inspect footer layout
[ASSERT] 5. Verify footer links visible
[ASSERT] 6. Verify hierarchical structure preserved or adapted for mobile
[ACT] 7. Tap footer links to test navigation","[DOM] Footer is visible at bottom of mobile page
[DOM] Footer links are readable and properly sized
[STATE] Parent/child structure is preserved or collapsed into accordion for mobile
[STATE] Links are tappable (adequate tap targets)
[STATE] Footer does not overlap content
[NAV] Tapping links navigates correctly","[CONSOLE] no uncaught JS errors","Footer links not visible on mobile; Links too small to tap; Footer overlapping content; Hierarchy broken on mobile","none","Mobile Responsive","Manual"
"FWL-036","Verify theme colors applied correctly on mobile viewport","Responsive Mobile","Medium","BL-WL-001","ECL-13.2","Organization with Coffee theme configured; Mobile viewport","storefront={{FRONT_URL}}, org_user={{ORG_USER_EMAIL}}, org_password={{ORG_USER_PASSWORD}}","[ACT] 1. Resize to mobile: 375px width
[NAV] 2. Sign in with Coffee theme org user
[NAV] 3. Navigate to homepage
[ASSERT] 4. Inspect page colors on mobile
[ASSERT] 5. Verify header, buttons, links use Coffee theme
[NAV] 6. Navigate to product page and cart
[ASSERT] 7. Verify theme consistency on mobile","[FORMAT] Coffee theme colors visible on mobile (browns/creams)
[FORMAT] Header uses Coffee theme background
[FORMAT] Buttons use Coffee theme primary color
[FORMAT] Links use Coffee theme accent color
[STATE] Theme is consistent across all mobile pages","[CONSOLE] no uncaught JS errors","Default theme showing on mobile; Coffee colors not applied; Theme inconsistent on mobile pages","none","Mobile Responsive","Manual"
"FWL-037","Verify logo renders correctly on tablet viewport (768px - iPad)","Responsive Mobile","Medium","BL-WL-001","ECL-13.2","Organization with custom logo; Tablet device or browser responsive mode","storefront={{FRONT_URL}}, org_user={{ORG_USER_EMAIL}}, org_password={{ORG_USER_PASSWORD}}","[ACT] 1. Set viewport: 768px width x 1024px height (iPad size)
[NAV] 2. Sign in with branded org user
[NAV] 3. Navigate to homepage
[ASSERT] 4. Inspect header logo on tablet
[ASSERT] 5. Verify logo size and positioning
[ACT] 6. Test landscape and portrait orientations","[DOM] Logo is visible and appropriately sized for tablet
[DOM] Logo is clear (not pixelated)
[DOM] Logo positioning is correct in tablet header
[STATE] Logo works in both portrait (768px) and landscape (1024px) orientations
[STATE] Logo is clickable and links to homepage","[CONSOLE] no uncaught JS errors","Logo missing or broken on tablet; Logo distorted in landscape; Logo not clickable on tablet","none","Mobile Responsive","Manual"
"FWL-038","Verify whitelabeling renders correctly in Chrome browser (desktop)","Cross-Browser","High","BL-WL-001","ECL-13.1","Organization with full branding configured; Chrome browser latest version (120+)","storefront={{FRONT_URL}}, org_user={{ORG_USER_EMAIL}}, org_password={{ORG_USER_PASSWORD}}","[NAV] 1. Open Chrome browser (version 120 or later)
[NAV] 2. Navigate to {{FRONT_URL}}
[ACT] 3. Sign in with branded organization user
[ASSERT] 4. Inspect header logo
[ASSERT] 5. Inspect browser tab favicon
[ASSERT] 6. Inspect theme colors
[ASSERT] 7. Inspect main menu dropdown behavior
[ASSERT] 8. Inspect footer links
[NAV] 9. Navigate to multiple pages (homepage, catalog, product, cart, account)","[DOM] Logo displays correctly (high quality, no broken image)
[DOM] Favicon displays in tab
[FORMAT] Theme colors applied correctly
[STATE] Main menu dropdowns work smoothly on hover
[DOM] Footer links display in correct hierarchy
[STATE] All branding persists across pages","[CONSOLE] no uncaught JS errors
[NETWORK] all branding assets load with HTTP 200","Broken logo or favicon in Chrome; CSS not loading in Chrome; Dropdown malfunction in Chrome; Console errors","none","Chrome Cross-Browser","Manual"
"FWL-039","Verify whitelabeling renders correctly in Firefox browser (desktop)","Cross-Browser","High","BL-WL-001","ECL-13.1","Organization with full branding configured; Firefox browser latest version (121+)","storefront={{FRONT_URL}}, org_user={{ORG_USER_EMAIL}}, org_password={{ORG_USER_PASSWORD}}","[NAV] 1. Open Firefox browser (version 121 or later)
[NAV] 2. Navigate to {{FRONT_URL}}
[ACT] 3. Sign in with branded organization user
[ASSERT] 4. Inspect logo, favicon, theme, main menu, footer
[ACT] 5. Test main menu dropdown behavior (hover)
[NAV] 6. Navigate across multiple pages
[ASSERT] 7. Compare rendering to Chrome (should be identical or very similar)","[DOM] Logo displays correctly
[DOM] Favicon displays in tab
[FORMAT] Theme colors applied
[STATE] Main menu dropdowns work (hover may behave slightly differently than Chrome but still functional)
[DOM] Footer links display correctly
[STATE] No Firefox-specific rendering issues","[CONSOLE] no uncaught JS errors
[NETWORK] all branding assets load with HTTP 200","Broken logo or favicon in Firefox; Firefox-specific CSS rendering issue; Dropdown not working on hover in Firefox","none","Firefox Cross-Browser","Manual"
"FWL-040","Verify whitelabeling renders correctly in Edge browser (desktop)","Cross-Browser","High","BL-WL-001","ECL-13.1","Organization with full branding configured; Edge browser latest version (120+)","storefront={{FRONT_URL}}, org_user={{ORG_USER_EMAIL}}, org_password={{ORG_USER_PASSWORD}}","[NAV] 1. Open Edge browser (version 120 or later)
[NAV] 2. Navigate to {{FRONT_URL}}
[ACT] 3. Sign in with branded organization user
[ASSERT] 4. Inspect logo, favicon, theme, main menu, footer
[ACT] 5. Test main menu dropdown behavior
[NAV] 6. Navigate across multiple pages
[ASSERT] 7. Compare to Chrome (Edge is Chromium-based, should be nearly identical)","[DOM] Logo displays correctly
[DOM] Favicon displays in tab
[FORMAT] Theme colors applied correctly
[STATE] Main menu dropdowns work smoothly
[DOM] Footer links display correctly
[STATE] Rendering is nearly identical to Chrome (both Chromium-based)","[CONSOLE] no uncaught JS errors
[NETWORK] all branding assets load with HTTP 200","Broken logo or favicon in Edge; Edge-specific rendering issue; Behavior differs significantly from Chrome","none","Edge Cross-Browser","Manual"
"FWL-041","Verify whitelabeling renders correctly on iPhone Safari (iOS)","Cross-Browser Mobile","Critical","BL-WL-001","ECL-13.1, ECL-13.2","Organization with full branding configured; iPhone device (iPhone 14/15/16) with Safari browser OR BrowserStack iOS simulator","storefront={{FRONT_URL}}, org_user={{ORG_USER_EMAIL}}, org_password={{ORG_USER_PASSWORD}}","[NAV] 1. Open Safari on iPhone (or BrowserStack iOS simulator)
[NAV] 2. Navigate to {{FRONT_URL}}
[ACT] 3. Sign in with branded organization user
[ASSERT] 4. Inspect logo in mobile header
[ASSERT] 5. Inspect favicon in Safari tab/URL bar
[ACT] 6. Test hamburger menu for main menu links
[SCROLL] 7. Scroll to footer and inspect footer links
[NAV] 8. Navigate across pages (homepage, catalog, product)","[DOM] Logo displays correctly in mobile header
[DOM] Favicon visible in Safari (appears in tab switcher or URL bar)
[STATE] Hamburger menu opens and displays main menu links
[DOM] Footer links display correctly
[STATE] Touch interactions work smoothly (tap targets adequate)
[FORMAT] Theme colors applied correctly
[STATE] No iOS-specific rendering issues","[CONSOLE] no uncaught JS errors
[NETWORK] all branding assets load with HTTP 200","Logo broken on iOS Safari; Touch interactions not working; iOS Safari-specific CSS quirks; Favicon not updating on iOS","none","iOS Safari Mobile","Manual"
"FWL-042","Verify whitelabeling renders correctly on Android Chrome (mobile)","Cross-Browser Mobile","High","BL-WL-001","ECL-13.1, ECL-13.2","Organization with full branding configured; Android device (Samsung Galaxy or Google Pixel) with Chrome browser OR BrowserStack Android simulator","storefront={{FRONT_URL}}, org_user={{ORG_USER_EMAIL}}, org_password={{ORG_USER_PASSWORD}}","[NAV] 1. Open Chrome on Android device (or BrowserStack simulator)
[NAV] 2. Navigate to {{FRONT_URL}}
[ACT] 3. Sign in with branded organization user
[ASSERT] 4. Inspect logo in mobile header
[ACT] 5. Test hamburger menu for main menu
[SCROLL] 6. Scroll to footer
[NAV] 7. Navigate across pages","[DOM] Logo displays correctly in mobile header
[STATE] Hamburger menu works and shows main menu links
[DOM] Footer links display correctly
[STATE] Touch interactions work smoothly
[FORMAT] Theme colors applied
[STATE] No Android-specific rendering issues","[CONSOLE] no uncaught JS errors
[NETWORK] all branding assets load with HTTP 200","Logo broken on Android Chrome; Touch interactions failing; Android-specific CSS issues; Hamburger menu not working","none","Android Chrome Mobile","Manual"
"FWL-043","Verify logo has proper alt text for accessibility","Accessibility","High","BL-WL-001","","Organization with custom logo configured; Screen reader testing tool or browser accessibility inspector","storefront={{FRONT_URL}}, org_user={{ORG_USER_EMAIL}}, org_password={{ORG_USER_PASSWORD}}","[NAV] 1. Sign in to storefront with branded org user
[NAV] 2. Navigate to homepage
[ACT] 3. Right-click header logo image
[ACT] 4. Inspect element in DevTools
[ASSERT] 5. Verify <img> tag has alt attribute
[ASSERT] 6. Verify alt text is descriptive (e.g. ""Company1 Logo"")
[ACT] 7. Enable screen reader (NVDA, JAWS, or VoiceOver)
[KEY] 8. Tab to logo element
[ASSERT] 9. Verify screen reader announces logo with alt text","[DOM] <img> element has alt attribute
[DOM] Alt text is descriptive and meaningful (e.g. ""<Organization Name> Logo"")
[STATE] Alt text is NOT empty (alt="""")
[STATE] Screen reader announces logo correctly when focused
[STATE] Logo link is announced as ""link"" by screen reader","[CONSOLE] no accessibility-related JS errors","Missing alt attribute on logo image; Empty alt text; Screen reader not announcing logo","none","Accessibility A11Y","Manual"
"FWL-044","Verify main menu is keyboard navigable","Accessibility","High","BL-WL-001","","Organization with main menu configured; Keyboard navigation testing","storefront={{FRONT_URL}}, org_user={{ORG_USER_EMAIL}}, org_password={{ORG_USER_PASSWORD}}","[NAV] 1. Sign in to storefront with branded org user
[NAV] 2. Navigate to homepage
[KEY] 3. Use Tab key to navigate to main menu
[KEY] 4. Tab through each main menu link (Products, Services, About, Contact)
[KEY] 5. When focused on parent link with children (e.g. Products), press Enter or Down Arrow
[ASSERT] 6. Verify dropdown opens
[KEY] 7. Tab through child links in dropdown (Laptops, Phones, Tablets)
[KEY] 8. Press Enter on a child link
[ASSERT] 9. Verify navigation","[STATE] Tab key moves focus through main menu links sequentially
[STATE] Focus indicator is visible on each link
[STATE] Parent links with children open dropdown via Enter or Down Arrow
[STATE] Focus moves to first child link after opening dropdown
[STATE] Tab key navigates through child links
[NAV] Enter key on child link navigates to page","[CONSOLE] no accessibility-related JS errors","Tab focus skipping menu items; Focus indicator invisible; Dropdown not opening via keyboard; Child links not reachable via keyboard","none","Accessibility A11Y","Manual"
"FWL-045","Verify footer links are keyboard navigable","Accessibility","Medium","BL-WL-001","","Organization with footer links configured; Keyboard navigation testing","storefront={{FRONT_URL}}, org_user={{ORG_USER_EMAIL}}, org_password={{ORG_USER_PASSWORD}}","[NAV] 1. Sign in to storefront with branded org user
[NAV] 2. Navigate to homepage
[KEY] 3. Use Tab key to navigate through page content down to footer
[KEY] 4. Continue tabbing through footer links
[ASSERT] 5. Verify focus indicator visible on each footer link
[KEY] 6. Test parent and child links (if hierarchical)
[KEY] 7. Press Enter on a footer link to test navigation","[STATE] Tab key moves focus through footer links sequentially
[STATE] Focus indicator is visible on each link
[STATE] Parent and child links are both keyboard accessible
[NAV] Enter key on link navigates to correct page
[STATE] Keyboard navigation order is logical (parent then children then next parent)","[CONSOLE] no accessibility-related JS errors","Footer links not reachable via Tab; Focus indicator missing; Enter key not navigating; Navigation order illogical","none","Accessibility A11Y","Manual"
"FWL-046","Verify focus indicators visible on all branded interactive elements","Accessibility","High","BL-WL-001","","Organization with custom branding; Theme preset applied; Keyboard navigation","storefront={{FRONT_URL}}, org_user={{ORG_USER_EMAIL}}, org_password={{ORG_USER_PASSWORD}}","[NAV] 1. Sign in to storefront with Coffee theme org user
[NAV] 2. Navigate to homepage
[KEY] 3. Use Tab key to navigate through page
[KEY] 4. Tab to logo (should show focus indicator)
[KEY] 5. Tab to main menu links (should show focus indicator)
[KEY] 6. Tab to footer links (should show focus indicator)
[KEY] 7. Tab to buttons (should show focus indicator)
[ASSERT] 8. Verify focus indicators are clearly visible against Coffee theme colors","[STATE] Logo has visible focus outline when tabbed to
[STATE] Main menu links show focus indicator (outline, background highlight, or underline)
[STATE] Footer links show focus indicator
[STATE] Buttons show focus indicator
[FORMAT] Focus indicators have sufficient contrast against Coffee theme background colors (minimum 3:1 contrast ratio)
[STATE] Focus indicators are NOT hidden or removed by CSS","[CONSOLE] no accessibility-related JS errors","Focus indicators hidden by CSS; Focus outline invisible against theme background; Insufficient contrast ratio for focus indicators","none","Accessibility A11Y","Manual"
"FWL-047","Verify screen reader announces main menu structure (parent and child links)","Accessibility","Medium","BL-WL-001","","Organization with hierarchical main menu; Screen reader: NVDA (Windows), JAWS (Windows), or VoiceOver (Mac)","storefront={{FRONT_URL}}, org_user={{ORG_USER_EMAIL}}, org_password={{ORG_USER_PASSWORD}}","[ACT] 1. Enable screen reader
[NAV] 2. Sign in to storefront with branded org user
[NAV] 3. Navigate to homepage
[KEY] 4. Use screen reader navigation to reach main menu
[KEY] 5. Navigate through main menu with screen reader
[ASSERT] 6. When reaching parent link with children (Products), listen to announcement
[KEY] 7. Navigate into dropdown (if supported by screen reader)
[ASSERT] 8. Verify screen reader announces child links
[ASSERT] 9. Verify hierarchy is conveyed","[STATE] Screen reader announces each main menu link by title
[STATE] Parent links with children are announced as ""menu"" or ""has submenu""
[STATE] Navigating into dropdown, child links are announced
[STATE] Hierarchy is conveyed (user understands parent/child relationship)
[DOM] ARIA attributes present: aria-haspopup, aria-expanded, role=""menu"", role=""menuitem""","[CONSOLE] no accessibility-related JS errors","Screen reader not announcing menu hierarchy; Missing ARIA attributes; Child links not reachable via screen reader; No indication of submenu presence","none","Accessibility A11Y","Manual"
"FWL-048","Verify high contrast mode compatibility with whitelabeling theme","Accessibility","Medium","BL-WL-001","","Organization with Coffee theme configured; Windows High Contrast Mode or browser extension for high contrast","storefront={{FRONT_URL}}, org_user={{ORG_USER_EMAIL}}, org_password={{ORG_USER_PASSWORD}}","[ACT] 1. Enable Windows High Contrast Mode (Windows Settings > Ease of Access > High Contrast)
[NAV] 2. Sign in to storefront with Coffee theme org user
[NAV] 3. Navigate to homepage
[ASSERT] 4. Verify logo is visible in high contrast mode
[ASSERT] 5. Verify main menu links are visible
[ASSERT] 6. Verify footer links are visible
[ASSERT] 7. Verify focus indicators are visible
[ASSERT] 8. Verify text is readable","[DOM] Logo remains visible in high contrast mode (not disappeared)
[DOM] Main menu links are visible and readable
[DOM] Footer links are visible and readable
[STATE] Focus indicators remain visible with sufficient contrast
[DOM] Text remains readable
[STATE] No layout breaking","[CONSOLE] no uncaught JS errors","Logo invisible in high contrast mode; Layout breaking in high contrast; Text unreadable; Focus indicators disappearing","none","Accessibility A11Y","Manual"
"FWL-049","Verify pageContext query performance - single call vs multiple queries","Performance","Medium","BL-WL-001","","Organization with full branding configured; GraphQL endpoint accessible; Performance testing tool (Postman or browser DevTools)","admin={{BACK_URL}}, admin_user={{ADMIN_EMAIL}}, admin_password={{ADMIN_PASSWORD}}","[NAV] 1. Navigate to GraphQL playground
[ACT] 2. Test 1: Execute 4 separate queries sequentially: slugInfo query (measure time), store query (measure time), whiteLabelingSettings query (measure time), user query (measure time). Total time = sum of all 4.
[ACT] 3. Test 2: Execute single pageContext query that returns all 4 sub-objects (measure time)
[ASSERT] 4. Compare total time: Test 1 (4 queries) vs Test 2 (1 query)
[ACT] 5. Repeat test 5 times for average
[ASSERT] 6. Calculate time savings","[FORMAT] 4 separate queries take approximately 800-1200ms total
[FORMAT] Single pageContext query takes approximately 400-600ms (50-70% faster)
[FORMAT] Time savings: 300-600ms measurable
[STATE] Single query reduces HTTP overhead (fewer round trips)","[API] pageContext query returns all 4 sub-objects in a single response
[API] errors[] is empty in GraphQL response","pageContext query slower than separate queries; Performance improvement not measurable; Single query fails","none","Performance Optimization","Manual"
"FWL-050","Verify storefront page load time with whitelabeling enabled - under 3 seconds","Performance","Medium","BL-WL-001","","Organization with full branding configured; Chrome DevTools > Network > Throttling: Fast 3G or No throttling","storefront={{FRONT_URL}}, org_user={{ORG_USER_EMAIL}}, org_password={{ORG_USER_PASSWORD}}","[NAV] 1. Open Chrome DevTools
[ACT] 2. Navigate to Network tab
[ACT] 3. Set throttling: Fast 3G (or No throttling for best-case)
[ACT] 4. Clear browser cache
[NAV] 5. Sign in to storefront with branded org user
[NAV] 6. Navigate to homepage (measure load time from navigation start to page fully loaded)
[ASSERT] 7. Measure: DOMContentLoaded, Load, Total time
[ASSERT] 8. Verify logo, favicon, theme assets load within total time
[ACT] 9. Repeat 3 times for average","[FORMAT] Total page load time < 3 seconds (with Fast 3G throttling)
[FORMAT] Logo image loads within 500ms
[FORMAT] Favicon loads within 200ms
[FORMAT] Theme CSS loads within 300ms
[FORMAT] DOMContentLoaded < 1.5 seconds","[CONSOLE] no uncaught JS errors
[NETWORK] all branding assets load with HTTP 200","Page load time > 3 seconds; Logo or theme causing load delay; DOMContentLoaded > 1.5 seconds","none","Performance","Manual"
"FWL-051","Verify logo image loading with lazy loading or optimization","Performance","Medium","BL-WL-001","","Organization with custom logo (large file size test: 500KB PNG); Chrome DevTools Network tab","storefront={{FRONT_URL}}, org_user={{ORG_USER_EMAIL}}, org_password={{ORG_USER_PASSWORD}}","[NAV] 1. Sign in to storefront with branded org user
[ACT] 2. Open Chrome DevTools > Network tab
[ACT] 3. Filter: Images
[NAV] 4. Navigate to homepage
[ASSERT] 5. Observe logo image loading
[ASSERT] 6. Verify image format (PNG, WebP, JPEG)
[ASSERT] 7. Verify image size (file size in KB)
[ASSERT] 8. Verify loading strategy (eager vs lazy)
[ASSERT] 9. Check if image is optimized (compressed)","[FORMAT] Logo image format is appropriate (PNG, SVG, or WebP preferred)
[FORMAT] Logo file size < 100KB (ideally < 50KB)
[STATE] Logo loading is NOT blocking page render
[DOM] Logo appears quickly after page load","[CONSOLE] no uncaught JS errors
[NETWORK] logo image loads with HTTP 200","Unoptimized logo (>500KB) blocking page load; Logo format inefficient; Logo causing render-blocking","none","Performance","Manual"
"FWL-052","Verify favicon caching to avoid repeated requests","Performance","Low","BL-WL-001","","Organization with custom favicon; Browser cache enabled; Chrome DevTools Network tab","storefront={{FRONT_URL}}, org_user={{ORG_USER_EMAIL}}, org_password={{ORG_USER_PASSWORD}}","[NAV] 1. Sign in to storefront with branded org user
[NAV] 2. Navigate to homepage (clear cache first)
[ACT] 3. Open DevTools > Network tab
[ASSERT] 4. Observe favicon request (favicon.ico or .png)
[ASSERT] 5. Verify response headers (Cache-Control, ETag)
[NAV] 6. Navigate to another page (catalog)
[ASSERT] 7. Verify Network tab - favicon is NOT requested again (served from cache)
[NAV] 8. Close browser, reopen, navigate to storefront
[ASSERT] 9. Verify favicon is served from disk cache (not re-downloaded)","[STATE] First request for favicon returns HTTP 200 with Cache-Control header
[STATE] Subsequent page navigations do NOT request favicon again (served from memory cache)
[STATE] After browser restart, favicon is served from disk cache (HTTP 304 or disk cache hit)
[FORMAT] Cache headers configured correctly (e.g. Cache-Control: max-age=86400)","[CONSOLE] no uncaught JS errors
[NETWORK] favicon Cache-Control header present","Favicon re-requested on every page navigation; No caching headers set; Favicon re-downloaded after browser restart","none","Performance","Manual"
"FWL-053","Verify theme CSS caching and efficient loading","Performance","Low","BL-WL-001","","Organization with Coffee theme configured; Browser cache enabled; DevTools Network tab","storefront={{FRONT_URL}}, org_user={{ORG_USER_EMAIL}}, org_password={{ORG_USER_PASSWORD}}","[NAV] 1. Sign in to storefront with Coffee theme org user
[NAV] 2. Navigate to homepage (clear cache first)
[ACT] 3. Open DevTools > Network > CSS filter
[ASSERT] 4. Observe theme-related CSS file loading
[ASSERT] 5. Verify Cache-Control headers
[NAV] 6. Navigate to product page
[ASSERT] 7. Verify CSS is NOT re-downloaded (served from cache)
[ASSERT] 8. Check CSS file size (should be minified)","[FORMAT] Theme CSS file is minified (smaller file size)
[STATE] First request returns HTTP 200 with Cache-Control
[STATE] Subsequent pages serve CSS from cache (no re-download)
[FORMAT] CSS file size < 100KB
[STATE] No duplicate CSS files loaded
[STATE] CSS is loaded in <head> to avoid FOUC","[CONSOLE] no CSS errors
[NETWORK] theme CSS Cache-Control header present","Theme CSS re-downloaded on every page; No caching headers; CSS not minified; FOUC due to late CSS loading","none","Performance","Manual"
"FWL-054","Verify no FOUC (Flash of Unstyled Content) when loading themed page","Performance","High","BL-WL-001","","Organization with Coffee theme configured; Slow network throttling (DevTools > Network > Slow 3G)","storefront={{FRONT_URL}}, org_user={{ORG_USER_EMAIL}}, org_password={{ORG_USER_PASSWORD}}","[ACT] 1. Open Chrome DevTools
[ACT] 2. Set Network throttling: Slow 3G
[ACT] 3. Clear browser cache
[NAV] 4. Sign in to storefront with Coffee theme org user
[NAV] 5. Navigate to homepage
[ASSERT] 6. Watch page load carefully for any flash of unstyled content
[ASSERT] 7. Verify page loads with Coffee theme colors immediately (no flash of Default theme first)
[NAV] 8. Repeat navigation to product page and cart
[ASSERT] 9. Verify consistent behavior (no FOUC)","[STATE] Page loads with Coffee theme colors immediately (no flash of Default theme)
[STATE] No momentary display of unstyled HTML before CSS applies
[STATE] Page rendering is smooth and professional
[STATE] User does NOT see ""flicker"" or color changes during page load","[CONSOLE] no CSS errors","FOUC visible on slow network; Default theme flashing before Coffee theme applies; CSS loading too late","none","Performance UX","Manual"
"FWL-055","Verify multiple concurrent organization users can access branding without conflicts","Concurrency","Medium","BL-WL-003","","2 user accounts from different organizations: User A (Org A branding) and User B (Org B branding); 2 separate browser sessions (Chrome Incognito + Firefox Private)","storefront={{FRONT_URL}}, org_user={{ORG_USER_EMAIL}}, org_password={{ORG_USER_PASSWORD}}","[NAV] 1. Open Chrome Incognito window
[NAV] 2. Navigate to {{FRONT_URL}}
[ACT] 3. Sign in with User A (Org A)
[ASSERT] 4. Verify Org A branding displayed (logo-a, Coffee theme)
[NAV] 5. Open Firefox Private window (separate session)
[NAV] 6. Navigate to {{FRONT_URL}}
[ACT] 7. Sign in with User B (Org B)
[ASSERT] 8. Verify Org B branding displayed (logo-b, Default theme)
[ACT] 9. Switch between browser windows
[ASSERT] 10. Verify each session maintains its own branding (no cross-contamination)
[NAV] 11. Navigate pages in both sessions simultaneously
[ASSERT] 12. Verify branding remains correct in each session","[DOM] User A session displays Org A branding (logo-a, Coffee theme)
[DOM] User B session displays Org B branding (logo-b, Default theme)
[STATE] No cross-contamination between sessions
[STATE] Navigating pages in one session does NOT affect the other","[CONSOLE] no uncaught JS errors in either session","Cross-contamination: User A sees Org B branding; Caching conflicts between sessions; Wrong logo after navigating in parallel sessions","none","Concurrency","Manual"
"FWL-056","Verify branding persists after session timeout and re-login","Session Management","Medium","BL-WL-001","","Organization with custom branding; Session timeout configured (or manually clear session); User account","storefront={{FRONT_URL}}, org_user={{ORG_USER_EMAIL}}, org_password={{ORG_USER_PASSWORD}}","[NAV] 1. Sign in to storefront with branded org user
[ASSERT] 2. Verify branding displayed (logo, favicon, theme, main menu, footer)
[ACT] 3. Wait for session timeout (or manually clear session cookie in DevTools)
[NAV] 4. Attempt to navigate to protected page (e.g. account/orders)
[ASSERT] 5. Verify redirect to sign-in page due to session timeout
[ACT] 6. Sign in again with same user credentials
[ASSERT] 7. After successful sign-in, verify branding is restored
[ASSERT] 8. Verify logo, favicon, theme, main menu, footer all display correctly","[DOM] After session timeout, user is redirected to sign-in page
[DOM] After re-login, organization logo is restored
[DOM] After re-login, favicon is restored
[FORMAT] After re-login, theme is restored
[DOM] After re-login, main menu and footer are restored","[CONSOLE] no uncaught JS errors","Branding lost after re-login; Default branding showing after session timeout re-login; Main menu/footer missing after re-login","none","Session Management","Manual"
"FWL-057","Verify branding data is not exposed in client-side code or APIs for other organizations","Security","High","BL-WL-001","","User account from Org A; Access to browser DevTools and Network tab","storefront={{FRONT_URL}}, org_user={{ORG_USER_EMAIL}}, org_password={{ORG_USER_PASSWORD}}, admin={{BACK_URL}}","[NAV] 1. Sign in to storefront with Org A user
[ACT] 2. Open DevTools > Network tab
[NAV] 3. Navigate to homepage
[ASSERT] 4. Inspect GraphQL or REST API calls
[ASSERT] 5. Look for whiteLabelingSettings or pageContext responses
[ASSERT] 6. Verify response contains ONLY Org A branding data
[ASSERT] 7. Verify NO data for Org B, Org C, or other organizations is included
[ASSERT] 8. Inspect page source and JavaScript
[ASSERT] 9. Verify no hardcoded branding URLs for other organizations
[ACT] 10. Attempt to query GraphQL with different organizationId (if possible)
[ASSERT] 11. Verify access is restricted (only authenticated org data returned)","[DOM] API responses contain ONLY current user's organization branding (Org A)
[STATE] No data for other organizations is leaked in responses
[STATE] GraphQL query with different organizationId is blocked or returns null
[STATE] Page source does not contain hardcoded URLs for other orgs' logos/favicons","[API] whiteLabelingSettings returns only the authenticated org's data
[CONSOLE] no uncaught JS errors","Org B branding data visible in Org A's API response; Cross-org data exposure; Unauthorized access to other org settings via GraphQL","none","Security","Manual"
"FWL-058","Verify no broken images when logo or favicon URL is invalid","Error Handling","Medium","BL-WL-004","","Organization with White Labeling enabled; Manually set logoUrl to invalid URL in database or via API","admin={{BACK_URL}}, storefront={{FRONT_URL}}, admin_user={{ADMIN_EMAIL}}, admin_password={{ADMIN_PASSWORD}}, org_user={{ORG_USER_EMAIL}}, org_password={{ORG_USER_PASSWORD}}","[NAV] 1. Navigate to Admin > Organizations > Test Org
[ACT] 2. Open White Labeling settings
[ACT] 3. Manually enter invalid logo URL: https://invalid-cdn.example.com/nonexistent-logo.png
[ACT] 4. Save settings
[NAV] 5. Sign in to storefront with Test Org user
[NAV] 6. Navigate to homepage
[ASSERT] 7. Inspect header logo area
[ASSERT] 8. Verify behavior when logo fails to load","[DOM] Page does NOT display broken image icon
[DOM] Fallback logo is displayed (default Virto Commerce logo OR organization name text)
[STATE] Page layout is NOT broken (header remains intact)
[STATE] User can still use the site (navigation works)
[DOM] Footer and other elements are unaffected","[CONSOLE] no uncaught JS errors related to failed image load","Broken image icon visible in header; Header layout breaking due to missing logo; Console errors about 404 image","restore org logoUrl to valid URL","Error Handling Negative","Manual"
"FWL-059","Verify graceful handling when main menu link list does not exist","Error Handling","Medium","BL-WL-004","","Organization with MainMenuLinkListName set to non-existent link list name: nonexistent-menu","admin={{BACK_URL}}, storefront={{FRONT_URL}}, admin_user={{ADMIN_EMAIL}}, admin_password={{ADMIN_PASSWORD}}, org_user={{ORG_USER_EMAIL}}, org_password={{ORG_USER_PASSWORD}}","[NAV] 1. Navigate to Admin > Organizations > Test Org
[ACT] 2. Open White Labeling settings
[ACT] 3. Set Main Menu Link List Name: nonexistent-menu (does not exist in Link Lists)
[ACT] 4. Save settings
[NAV] 5. Sign in to storefront with Test Org user
[NAV] 6. Navigate to homepage
[ASSERT] 7. Inspect header navigation area
[ASSERT] 8. Verify main menu behavior","[STATE] Application does NOT crash or display error
[DOM] Header layout is NOT broken
[STATE] User can navigate site via search, footer, catalog
[API] GraphQL returns null or empty array for mainMenuLinks (not an error)","[CONSOLE] no uncaught JS errors","Application crash on missing menu config; Header broken; Console errors about missing link list","restore org MainMenuLinkListName to original","Error Handling Negative","Manual"
"FWL-060","Verify graceful handling when footer link list does not exist","Error Handling","Medium","BL-WL-004","","Organization with FooterLinkListName set to non-existent link list name","admin={{BACK_URL}}, storefront={{FRONT_URL}}, admin_user={{ADMIN_EMAIL}}, admin_password={{ADMIN_PASSWORD}}, org_user={{ORG_USER_EMAIL}}, org_password={{ORG_USER_PASSWORD}}","[NAV] 1. Navigate to Admin > Organizations > Test Org
[ACT] 2. Open White Labeling settings
[ACT] 3. Set Footer Link List Name: nonexistent-footer (does not exist)
[ACT] 4. Save settings
[NAV] 5. Sign in to storefront with Test Org user
[SCROLL] 6. Scroll to footer
[ASSERT] 7. Inspect footer links area","[STATE] Application does NOT crash
[STATE] Footer may display default links OR be empty
[DOM] Page layout is NOT broken
[API] GraphQL returns null or empty array for footerLinks (not an error)","[CONSOLE] no uncaught JS errors","Application crash on missing footer config; Footer area broken; Console errors about missing link list","restore org FooterLinkListName to original","Error Handling Negative","Manual"
"FWL-065","Verify organization-specific branding applies only to that organization's users","Data Isolation","Critical","BL-WL-001","","2 organizations: Org A (logo-a.png) and Org B (logo-b.png); User A from Org A; User B from Org B","storefront={{FRONT_URL}}, org_user={{ORG_USER_EMAIL}}, org_password={{ORG_USER_PASSWORD}}","[NAV] 1. Sign in with User A (Org A)
[NAV] 2. Navigate to homepage
[ASSERT] 3. Verify logo-a.png displayed
[ACT] 4. Sign out
[NAV] 5. Sign in with User B (Org B)
[NAV] 6. Navigate to homepage
[ASSERT] 7. Verify logo-b.png displayed (NOT logo-a.png)
[ACT] 8. Sign out
[NAV] 9. Sign in again with User A
[ASSERT] 10. Verify logo-a.png is back (NOT logo-b.png)","[DOM] User A sees ONLY Org A branding (logo-a.png)
[DOM] User B sees ONLY Org B branding (logo-b.png)
[STATE] No cross-contamination (User A never sees logo-b.png)
[STATE] Switching users switches branding correctly
[STATE] Data isolation enforced at backend level","[CONSOLE] no uncaught JS errors","Cross-contamination: User A sees Org B logo; Branding persisting after sign-out; Wrong org branding after re-login","sign out; clear session","Data Isolation Security","Manual"
"FWL-066","Verify anonymous users (not signed in) see default branding","Anonymous User","High","BL-WL-002","","Anonymous access enabled; Default platform branding configured","storefront={{FRONT_URL}}","[NAV] 1. Open incognito/private browser window
[NAV] 2. Navigate to {{FRONT_URL}} (do NOT sign in)
[ASSERT] 3. Browse as anonymous user
[ASSERT] 4. Inspect header logo
[ASSERT] 5. Inspect favicon
[ASSERT] 6. Inspect theme colors
[ASSERT] 7. Inspect main menu (if visible)
[ASSERT] 8. Inspect footer","[DOM] Default Virto Commerce logo displayed (NOT any organization's custom logo)
[DOM] Default favicon in browser tab
[FORMAT] Default theme colors applied (no org-specific theme)
[DOM] Main menu shows default/public links (not org-specific links)
[DOM] Footer shows default/public links
[STATE] No organization branding applied before user signs in","[CONSOLE] no uncaught JS errors","Custom org logo visible before sign-in; Org-specific theme applied to anonymous session","none","Anonymous User","Manual"
"FWL-067","Verify branding updates in Admin reflect on storefront without cache issues","Cache Management","High","BL-WL-001","","Organization with custom branding; Admin access; Signed-in storefront session in separate browser tab","admin={{BACK_URL}}, storefront={{FRONT_URL}}, admin_user={{ADMIN_EMAIL}}, admin_password={{ADMIN_PASSWORD}}, org_user={{ORG_USER_EMAIL}}, org_password={{ORG_USER_PASSWORD}}","[NAV] 1. Open storefront in Browser Tab 1
[ACT] 2. Sign in with branded org user
[ASSERT] 3. Verify current logo displayed (logo-v1.png)
[NAV] 4. Open Admin in Browser Tab 2
[NAV] 5. Navigate to Organizations > Same Org > White Labeling
[ACT] 6. Upload new logo (logo-v2.png)
[ACT] 7. Save settings
[ACT] 8. Return to storefront Tab 1
[KEY] 9. Refresh page (Ctrl+F5 or hard refresh)
[ASSERT] 10. Verify new logo (logo-v2.png) is displayed (NOT old logo-v1.png)","[DOM] After uploading new logo in Admin, storefront shows new logo after hard refresh
[STATE] Old logo is NOT cached indefinitely (cache invalidated or expires quickly)
[FORMAT] Cache-Control headers allow updates to be seen within reasonable time (< 5 minutes)","[CONSOLE] no uncaught JS errors
[NETWORK] new logo image loads with HTTP 200 after refresh","Old logo still shown after hard refresh; New logo not visible even after 5 minutes; Cache-Control headers missing","restore org to logo-v1.png","Cache Management","Manual"
"FWL-068","Verify branding consistency across all storefront pages (homepage catalog product cart account)","Consistency","High","BL-WL-001","","Organization with full branding configured; User account with items in cart and order history","storefront={{FRONT_URL}}, org_user={{ORG_USER_EMAIL}}, org_password={{ORG_USER_PASSWORD}}","[NAV] 1. Sign in to storefront with branded org user
[ASSERT] 2. Verify branding on HOMEPAGE: logo, favicon, theme, main menu, footer
[NAV] 3. Navigate to CATALOG page
[ASSERT] 4. Verify same branding displayed
[NAV] 5. Navigate to PRODUCT page (any product)
[ASSERT] 6. Verify same branding displayed
[ACT] 7. Add item to cart, navigate to CART page
[ASSERT] 8. Verify same branding displayed
[NAV] 9. Navigate to ACCOUNT > Orders
[ASSERT] 10. Verify same branding displayed
[NAV] 11. Navigate to ACCOUNT > Profile
[ASSERT] 12. Verify same branding displayed","[DOM] Logo, favicon, theme, main menu, footer are consistent on: Homepage, Catalog, Product page, Cart, Account pages
[STATE] No pages show default branding after sign-in
[STATE] No pages show wrong organization's branding
[FORMAT] Theme colors are consistent across all pages
[DOM] Main menu and footer structure remain consistent","[CONSOLE] no uncaught JS errors","Default branding appearing on some pages after sign-in; Theme inconsistent between pages; Main menu/footer changing unexpectedly; Branding flicker on navigation","none","Consistency","Manual"
